doi,citation,title,year,venue,peer_reviewed_or_preprint,tool_domain,design,n,population,exposure_duration,outcome_measured_without_tool,measures,key_finding,effect_size,limitations,text_basis,caveat_flags
10.1016/j.jenvp.2006.08.001,Münzer et al. 2006,Computer-assisted navigation and the acquisition of route and survey knowledge,2006,Journal of Environmental Psychology,peer-reviewed,a_gps_navigation,not reported in retrieved text,not reported in retrieved text,not reported in retrieved text,not reported in retrieved text,not reported in retrieved text,not reported in retrieved text,not reported in retrieved text,not reported in retrieved text,not reported in retrieved text,metadata only (Crossref record; no abstract or full text retrievable in this environment),"canonical study named in the search brief; existence and bibliographic details verified via Crossref, but no abstract or full text could be retrieved, so NO substantive field was extracted"
10.1016/j.jenvp.2007.09.002,Ishikawa et al. 2008,Wayfinding with a GPS-based mobile navigation system: A comparison with maps and direct experience,2008,Journal of Environmental Psychology,peer-reviewed,a_gps_navigation,not reported in retrieved text,not reported in retrieved text,not reported in retrieved text,not reported in retrieved text,not reported in retrieved text,not reported in retrieved text,not reported in retrieved text,not reported in retrieved text,not reported in retrieved text,metadata only (Crossref record; no abstract or full text retrievable in this environment),"canonical study named in the search brief; existence and bibliographic details verified via Crossref, but no abstract or full text could be retrieved, so NO substantive field was extracted"
10.1177/154193121005402305,Fenech et al. 2010,The Effects of Acoustic Turn-by-turn Navigation on Wayfinding,2010,Proceedings of the Human Factors and Ergonomics Society Annual Meeting,peer-reviewed,a_gps_navigation,Driving simulator study; compared no-guidance repeated route travel vs. turn-by-turn guided first drive then unaided memory-based second drive; randomisation not reported in retrieved text.,not reported in retrieved text,not reported in retrieved text,not reported in retrieved text,yes,route travel time; assessment of scene recognition,"Results show that using a turn-by-turn navigation system negates route learning and impairs scene recognition. These findings suggest that using a navigation system while driving creates inattention blindness, a failure to “see” elements in the environment.",not reported in retrieved text,not reported in retrieved text,abstract only,abstract only; sample size not reported; randomisation not reported
10.1080/13875868.2013.792821,Gardony et al. 2013,How Navigational Aids Impair Spatial Memory: Evidence for Divided Attention,2013,Spatial Cognition &amp; Computation,peer-reviewed,a_gps_navigation,Within-participants: verbal aid vs. tonal aid vs. no-aid conditions during goal-directed navigation in desktop virtual environments; randomisation not reported in retrieved text.,not reported in retrieved text,not reported in retrieved text,not reported in retrieved text,yes,navigation performance; spatial memory assessed via survey-based memory assessments,Both the verbal and tonal navigational aids yielded slight navigational advantages and steep spatial memory costs despite presenting mixed spatial perspective instructions. The authors state that this equivalent impairment between information formats suggests navigational aids impair spatial memory by dividing attention rather than by selectively interfering with verbal working memory.,not reported in retrieved text,not reported in retrieved text,abstract only,abstract only; no numeric effect sizes reported; within-participants design
10.1080/13875868.2015.1059432,Gardony et al. 2015,Navigational Aids and Spatial Memory Impairment: The Role of Divided Attention,2015,Spatial Cognition &amp; Computation,peer-reviewed,a_gps_navigation,Within-participants factorial design crossing aid presence and divided attention; navigation followed by spatial memory assessments,not reported in retrieved text,not reported in retrieved text,not reported in retrieved text,yes,not reported in retrieved text,"Divided attention alone impaired spatial memory. Navigational aid presence impaired spatial memory when attention was undivided, replicating previous findings, but did not to a greater extent when attention was divided. These findings suggest that navigational aids divide attention sufficiently to impair spatial memory.",not reported in retrieved text,not reported in retrieved text,abstract only,abstract only
10.1155/2018/2716134,Fajnerová et al. 2018,Could Prolonged Usage of GPS Navigation Implemented in Augmented Reality Smart Glasses Affect Hippocampal Functional Connectivity?,2018,BioMed Research International,peer-reviewed,a_gps_navigation,"Randomised? No; controlled longitudinal study comparing AR/GPS glasses group vs control group, pre/post 3 months","33 (experimental n=17, control n=16)","Healthy right-handed adults, Mean age (SD)=28.8 (7.1), 27 males and 6 females","3 months (10-12 weeks), M GPStime (SD) = 33 (7.2) hours; M GPSwalk (SD)=14.9 (8.8) h",partly,"rsfMRI functional connectivity (seed-driven ROI-to-ROI, Fisher-transformed Z scores) of right/left hippocampus; Virtual City Task (pointing error, path efficiency, recall)","The experimental group showed FC decrease after three months of using GPS navigation implemented in AR glasses in contrast to FC increase in the control group without such intervention. Importantly, no effect of intervention on navigational abilities was observed. We identified significant Spearman correlation coefficient between the duration of active usage of the AR glasses in head mounted mode and FC changes of the right HPC with the posterior portion of the left parahippocampal cortex (r HPC_r/pPaHC_l = 0.502, p = 0.040).","Cohen's d values reported for FC changes ranging e.g. d=1.254 (HPC_right-pTFusC_l), d=1.189 (Cereb3_r), d=1.142 (pPaHC_l), d=0.966 (aPaHC_l), d=0.747 (Hippocampus_l/r); correlation r=0.502, p=0.040 (HPC_r/pPaHC_l); r=0.453, p=0.068 (HPC_r/HPC_l)",Intervention effects did not survive conservative multiple-comparison correction (p<0.05 uncorrected only); small sample size (pilot study); moderate/insufficient compliance with device usage due to technical problems; unbalanced baseline FC between groups due to non-random group assignment based on willingness to wear glasses; use of atlas-based ROI-to-ROI approach with averaging across functionally inhomogeneous areas; missing navigation records for control group,full text,"non-randomised group assignment; small sample size; multiple comparisons uncorrected; self-report exposure measure (partly, also sensor logs); short intervention duration; low compliance/technical issues"
10.1016/j.ijhcs.2018.04.006,Hejtmánek et al. 2018,Spatial knowledge impairment after GPS guided navigation: Eye-tracking study in a virtual town,2018,International Journal of Human-Computer Studies,peer-reviewed,a_gps_navigation,not reported in retrieved text,not reported in retrieved text,not reported in retrieved text,not reported in retrieved text,yes,not reported in retrieved text,"Results show that the more time participants spend with the GPS-like map, the less accurate spatial knowledge they manifest and the longer paths they travel without GPS guidance. This poor performance cannot be explained by individual differences in cognitive skills. The amount of time spent with the GPS is related to participant's subjective evaluation of their own navigation skills, with less confident navigators using GPS more intensively.",not reported in retrieved text,not reported in retrieved text,abstract only,abstract only
10.1080/00330124.2018.1479970,Ishikawa 2018,Satellite Navigation and Geospatial Awareness: Long-Term Effects of Using Navigation Tools on Wayfinding and Spatial Orientation,2018,The Professional Geographer,peer-reviewed,a_gps_navigation,"Not randomised; correlational survey plus behavioral experiment comparing users with differing accumulated navigation-tool experience across tool types (mobile, paper map).",not reported in retrieved text,not reported in retrieved text,Long-term; measured as regular use (time length and frequency) and accumulated experience (time length multiplied by frequency),partly,"Sense of direction, mental rotation, survey navigation strategy preference, travel efficiency, accuracy of learning route configurations","Frequent users of pedestrian navigation systems tended to be low on sense of direction and mental rotation, whereas longtime users of maps tended to be high on sense of direction and favor survey navigation strategies. People with more accumulated experience of using in-car navigation systems traveled less efficiently and learned the configurations of traveled routes less accurately with a mobile tool and a paper map; structural equation modeling showed spatial aptitudes and accumulated experience independently affect wayfinding and spatial orientation, with the negative effects of accumulated experience larger than the positive effects of spatial aptitudes.",not reported in retrieved text,not reported in retrieved text,abstract only,abstract only; cross-sectional (survey component); self-report exposure measure
10.1016/j.jenvp.2019.05.001,Ruginski et al. 2019,GPS use negatively affects environmental learning through spatial transformation abilities,2019,Journal of Environmental Psychology,peer-reviewed,a_gps_navigation,not reported in retrieved text (appears correlational/model-based; no mention of randomisation or comparison groups),not reported in retrieved text,not reported in retrieved text,long-term GPS use,not reported in retrieved text,"previously validated spatial transformation tasks (mental rotation, perspective-taking); environmental learning task (virtual environment); self-reported navigation ability","The authors found that mental rotation and perspective-taking ability fully account for the effect of GPS use on learning of a virtual environment, and this relationship remained after controlling for existing navigation ability. They report that GPS use is negatively associated with perspective-taking indirectly through mental rotation, proposing that GPS use affects the transformation ability common to mental rotation and perspective-taking.",not reported in retrieved text,not reported in retrieved text,abstract only,"abstract only; self-report exposure measure; cross-sectional (implied, not explicitly stated); abstract retrieved from the authors' PsyArXiv preprint record of the same title (10.31234/osf.io/qbgdr); the peer-reviewed J Environ Psychol version was not retrievable"
10.1038/s41598-020-62877-0,Dahmani et al. 2020,Habitual use of GPS negatively impacts spatial memory during self-guided navigation,2020,Scientific Reports,peer-reviewed,a_gps_navigation,Not randomised; cross-sectional correlational study (n=50) with a 3-year longitudinal follow-up subsample (n=13); GPS habits correlated with virtual navigation task performance.,50 (cross-sectional); 13 (longitudinal follow-up),"Healthy young adults aged 19-35, right-handed regular drivers in Montreal, Canada; cross-sectional sample 18 women/32 men, mean age 27.6±4.5 years",Lifetime GPS experience (hours); longitudinal: GPS use over 3.23±0.50 years between pre- and post-testing,yes,"CSDLT (Concurrent Spatial Discrimination Learning Task) trials to criterion, probe 1, probe 2, probe 1+2 combined; 4/8 VM (4-on-8 Virtual Maze) trials to criterion, average learning errors, probe errors, map drawing score, navigation strategy score, average number of landmarks used, number of landmarks noticed; McGill GPS questionnaire (lifetime GPS experience, GPS reliance scale, sense of GPS dependence scale); SBSOD","People with greater lifetime GPS experience have worse spatial memory during self-guided navigation, including a significant negative correlation with CSDLT probe 1 performance (r=−0.22, Bootstrap BCa 95% CI [−0.41, −0.01]) and a marginally significant negative correlation with both probe trials combined (r=−0.20, Bootstrap BCa 95% CI [−0.41, 0.01]), as well as significant negative correlations with 4/8 VM navigation strategy score (r=−0.20, Bootstrap BCa 95% CI [−0.38, −0.02]), map drawing score (r=−0.22, Bootstrap BCa 95% CI [−0.41, −0.02]), average number of landmarks used (r=−0.21, Bootstrap BCa 95% CI [−0.38, −0.05]), and number of landmarks noticed (r=−0.26, Bootstrap BCa 95% CI [−0.42, −0.09]). In the small longitudinal sample, greater GPS use since initial testing was associated with a steeper decline in hippocampal-dependent spatial memory (e.g., CSDLT probe 2: r=−0.68, Bootstrap BCa 95% CI [−0.91, −0.10]; map drawing: r=−0.52, Bootstrap BCa 95% CI [−0.79, −0.21]), and those who used GPS more did not do so because they felt they had a poor sense of direction (no significant correlation between lifetime GPS experience and SBSOD scores, r=0.07, Bootstrap BCa 95% CI [−0.16, 0.27]), suggesting that extensive GPS use led to a decline in spatial memory rather than the other way around.","r=−0.22 [−0.41, −0.01]; r=−0.20 [−0.41, 0.01]; r=−0.25 [−0.44, −0.03]; r=−0.25 [−0.43, −0.05]; r=−0.20 [−0.38, −0.02]; r=−0.22 [−0.41, −0.02]; r=−0.21 [−0.38, −0.05]; r=−0.26 [−0.42, −0.09]; r=−0.68 [−0.91, −0.10]; r=−0.52 [−0.79, −0.21]; r=−0.58 [−0.73, −0.42]",not reported in retrieved text,full text,"cross-sectional (primary analysis);small sample (longitudinal n=13);unplanned follow-up;correlational design (causality inferred, not established);self-report exposure measure (GPS questionnaire)"
10.1037/xap0000237,Münzer et al. 2020,Wayfinding and acquisition of spatial knowledge with navigation assistance.,2020,Journal of Experimental Psychology: Applied,peer-reviewed,a_gps_navigation,not reported in retrieved text whether randomised; comparison between visualization types (self-to-targets vs. comprehensive maps) and aligned vs. misaligned conditions.,not reported in retrieved text,not reported in retrieved text,not reported in retrieved text,not reported in retrieved text,Wayfinding accuracy; self-to-object knowledge assessed with pointing tasks; object-to-object knowledge assessed with an allocentric configurational task; individual differences in perspective taking ability,"Alignment (rotations of the visualization according to changes of heading in the environment) appeared supportive for the acquisition of self-to-object knowledge with self-to-targets visualizations, but alignment was not effective with comprehensive maps. Wayfinding was impeded if visualizations were not aligned with the current heading, and individual differences in perspective taking ability played a strong role for wayfinding accuracy with misaligned visualizations.",not reported in retrieved text,not reported in retrieved text,abstract only,abstract only
10.1016/j.trip.2020.100280,Ben-Elia 2021,An exploratory real-world wayfinding experiment: A comparison of drivers’ spatial learning with a paper map vs. turn-by-turn audiovisual route guidance,2021,Transportation Research Interdisciplinary Perspectives,peer-reviewed,a_gps_navigation,"Randomised: two random groups compared, paper map vs turn-by-turn audiovisual route guidance, real-world driving task.",not reported in retrieved text,Car drivers driving their own vehicles to a predesignated destination in an unfamiliar residential neighborhood.,not reported in retrieved text,not reported in retrieved text,"Orientation (deviation in direction), landmark recognition, route recognition (error percentage) via spatial knowledge tests administered after the drive.","The scores of map-assisted drivers were uncorrelated and, on average, higher in orientation (deviation in direction), landmark recognition and route recognition (error percentage). The landmark recognition scores of drivers assisted by TBT route guidance were significantly lower with a very large effect size. The route recognition scores of drivers assisted by route guidance showed strong correlations with orientation and with landmark recognition scores.","very large effect size (landmark recognition, TBT vs map); exact statistic not reported in retrieved text",not reported in retrieved text,abstract only,abstract only; small sample not reported; self-report exposure measure not applicable
10.1038/s41598-021-87148-4,Clemenson et al. 2021,Rethinking GPS navigation: creating cognitive maps through auditory clues,2021,Scientific Reports,peer-reviewed,a_gps_navigation,Randomized within groups (Expert/Naïve) to Turn-by-turn vs Beacon condition; between-subjects comparison,"53 (Naïve n=24, Expert n=29)","Adults (mean age 33.8, SD 8.21); Microsoft employees (Experts) and interns (Naïve)",single scavenger hunt session,yes,Pointing task error (degrees) from Location A and novel Location B; map-drawing POI location error (distance in meters/pixels); route overlap; distance traveled,"The Naïve Beacon group was significantly better than the Naïve Turn-by-turn group at post-test pointing from Location A (Tukey's post-hoc), and condition showed a significant main effect on pointing accuracy from novel Location B (F(1,49)=5.01, p<0.05) and on map-drawing accuracy (F(1,49)=7.3, p<0.01). The authors state that 'the Naïve Beacon group demonstrated a more accurate spatial representation of the Microsoft campus' while Experts showed 'little differences between the conditions.'","F(1,49)=6.2, p<0.05 (interaction, post-test pointing A); F(1,49)=4.41, p<0.05 (main effect condition, post-test pointing A); F(1,49)=5.01, p<0.05 (condition, Location B); F(1,49)=7.3, p<0.01 (condition, map task)","Small sample sizes per group (ideally 80 total per power analysis assuming d=0.5); Turn-by-turn group received verbal directions from experimenter rather than an actual navigation app; study area limited to walking paths, not roads, so may not generalize to car navigation",full text,small sample; non-standard exposure delivery (experimenter-given verbal turn-by-turn instead of app); single-session; convenience sample of employees/interns
10.1080/13875868.2021.1969401,Sugimoto et al. 2021,Online mobile map effect: how smartphone map use impairs spatial memory,2021,Spatial Cognition &amp; Computation,peer-reviewed,a_gps_navigation,Comparison of smartphone map vs paper map route learning; randomisation not stated in retrieved text.,not reported in retrieved text,not reported in retrieved text,not reported in retrieved text,yes,"Route retracing performance, state anxiety, confidence ratings","The use of a smartphone map impaired spatial learning and knowledge acquisition; participants learned a route less accurately when they used a smartphone map than when using a paper map, revealed by a worse route retracing performance. Although navigation accuracy decreased for the second, unaided walk after the first walk aided with a smartphone map, participants' self-evaluation in terms of state anxiety and confidence ratings did not show a statistically significant difference, suggesting smartphone map users did not perceive the memory impairment caused by the smartphone map use.",not reported in retrieved text,not reported in retrieved text,abstract only,abstract only
10.1016/j.jenvp.2024.102417,Miola et al. 2024,GPS use and navigation ability: A systematic review and meta-analysis,2024,Journal of Environmental Psychology,peer-reviewed,a_gps_navigation,Not randomised; meta-analysis/narrative synthesis of 23 studies comparing GPS use vs. non-use/associations with navigation ability.,23 studies (out of 907 articles screened),not reported in retrieved text,not reported in retrieved text,not reported in retrieved text,"environmental knowledge, sense of direction (self-reported), wayfinding","The narrative synthesis presented negative associations between GPS use and performance in environmental knowledge and self-reported sense of direction measures and a positive association with wayfinding. When considering quantitative data, results revealed a negative effect of GPS use on environmental knowledge (r = −.18 [95% CI: −.28, −.08]) and sense of direction (r = −.25 [95% CI: −.39, −.12]) and a positive yet not significant effect on wayfinding (r = .07 [95% CI: −.28, .41]).","Environmental knowledge: r = −.18 [95% CI: −.28, −.08]; Sense of direction: r = −.25 [95% CI: −.39, −.12]; Wayfinding: r = .07 [95% CI: −.28, .41]","Current literature has several strengths but also methodological weaknesses that limit the quality of evidence, with 69% of the studies classified with a moderate to high risk of bias.",abstract only,STUDY TYPE: meta-analysis; abstract only; meta-analysis of heterogeneous studies; self-report exposure measure (sense of direction); risk of bias moderate-to-high in 69% of studies; non-significant CI for wayfinding
10.1186/s41235-024-00545-x,Topete et al. 2024,How is GPS used? Understanding navigation system use and its relation to spatial ability,2024,Cognitive Research: Principles and Implications,peer-reviewed,a_gps_navigation,"Not randomised; correlational/cross-sectional survey study (two studies, online n=188 and in-person n=61, combined n=249) relating self-reported GPS use/dependency to self-report and objective navigation measures.",249 participants (188 online study + 61 in-person study),"Online study: ages 18–29 (M=19.54, SD=1.47, 135 females), UCSB Psychology Research participant pool. In-person study: ages 18–32 (M=19.67, SD=2.63, 30 females).",not reported in retrieved text,yes,"GPS Dependency Scale; GPS Usage scale (turn-by-turn, route planning, time/traffic estimates, finding a specific service); Santa Barbara Sense of Direction (SBSOD) scale; Spatial Anxiety scale; Exploration Tendency scale; Navigational Growth Mindset scale; Social Desirability Scale; Mental Rotation Test (MRT); Virtual SILCton task (onsite pointing within-route and between-route, map reconstruction); Spatial Orientation Test (SOT, perspective-taking).","Reported GPS dependence was negatively correlated with objective navigation performance, r(59) = −0.34, p = 0.008, 99% CI [−0.60, −0.01], and with self-reported sense of direction, r(247) = −0.56, p < 0.001, 99.9% CI [−0.69, −0.40], and positively correlated with spatial anxiety, r(247) = 0.43, p < 0.001, 99.9% CI [0.25, 0.59]. Greater reported use of GPS for turn-by-turn directions was associated with a poorer sense of direction, 99.9% CI [−0.61, −0.28], and higher spatial anxiety, 99.9% CI [0.14, 0.51], while correlations between reported use of specific GPS functions and objective navigation performance did not reach statistical significance (e.g., turn-by-turn: r(59) = −0.23, p = 0.071). People reported using GPS most frequently for time and traffic estimates (M = 1.21) regardless of ability, and reported using GPS less as familiarity with an environment increased, regardless of ability.","GPS dependency vs SOD: r(247) = −0.56, p < 0.001, 99.9% CI [−0.69, −0.40]; GPS dependency vs spatial anxiety: r(247) = 0.43, p < 0.001, 99.9% CI [0.25, 0.59]; GPS dependency vs objective navigation (SILCton): r(59) = −0.34, p = 0.008, 99% CI [−0.60, −0.01]; turn-by-turn GPS vs SOD: 99.9% CI [−0.61, −0.28]; turn-by-turn GPS vs spatial anxiety: 99.9% CI [0.14, 0.51]; one-way ANOVA for GPS function frequency: F(3,741) = 47.33, p < 0.001, η² = 0.07.",not reported in retrieved text,full text,cross-sectional; self-report exposure measure; correlational (no causal inference); small sample for objective navigation measure (n=61); online sample restricted age range (18-29) and student pool
10.1016/j.jenvp.2024.102296,Yavuz et al. 2024,"Video gaming, but not reliance on GPS, is associated with spatial navigation performance",2024,Journal of Environmental Psychology,peer-reviewed,a_gps_navigation,"Not randomised; correlational, cross-sectional study using multiple linear regression comparing GPS reliance and video gaming hours against wayfinding performance.","822 (367 men, 455 women)","US-based participants, mean age = 26.3 years, range = 18-52 years",not reported in retrieved text,not reported in retrieved text,Wayfinding performance measured via the mobile app Sea Hero Quest; self-reported questions on reliance on GPS and video game experience (weekly hours of video gaming),A multiple linear regression model found no significant association between reliance on GPS and wayfinding performance. There was a significant association between weekly hours of video gaming and wayfinding performance.,not reported in retrieved text,not reported in retrieved text,abstract only,cross-sectional; self-report exposure measure; abstract only
10.1080/24694452.2024.2356858,Ying et al. 2024,How Do In-Car Navigation Aids Impair Expert Navigators’ Spatial Learning Ability?,2024,Annals of the American Association of Geographers,peer-reviewed,a_gps_navigation,"Between-participants, non-randomised; low-dependence vs high-dependence taxi drivers compared",24,24 male expert taxi drivers in Beijing,8.17 years average past use; learning phase videos 2 minutes each,yes,"Scene recognition accuracy, route recognition accuracy, sketch map r2/scaling bias/rotational bias, eye movement (fixation count, saccade count, average fixation duration), EEG frontal theta relative PSD","Scene recognition accuracy of the LD group was significantly better than that of the HD group (H=5.57, p=0.02, η2=0.13); a significant difference in scaling bias was found between LD and HD groups (H=4.03, p=0.045, η2=0.10), indicating LD participants could better estimate interlandmark distance; no significant differences were found in route recognition accuracy, r2, or rotational bias.","H=5.57, p=0.02, η2=0.13 (scene recognition); H=4.03, p=0.045, η2=0.10 (scaling bias); theta PSD difference p=0.03, η2=0.41 (second trial, Fz)",not reported in retrieved text,full text,cross-sectional; small sample; between-subjects design; self-report exposure measure; all-male sample; cross-sectional comparison of habitual heavy vs light users; small sample (n=24); males only
10.1111/j.1949-8594.2006.tb18067.x,Ellington 2006,The Effects of Non‐CAS Graphing Calculators on Student Achievement and Attitude Levels in Mathematics: A Meta‐Analysis,2006,School Science and Mathematics,peer-reviewed,b_calculators_computational_aids,Meta-analysis of 42 studies comparing students with vs without graphing calculator access during instruction; randomisation not reported in retrieved text.,42 studies,"Middle and high school mathematics students, and college students through first semester calculus",not reported in retrieved text,partly,"Achievement (procedural, conceptual, and overall) and attitude levels in mathematics","When calculators were part of instruction but not testing, students' benefited from using calculators while developing the skills necessary to understand mathematics concepts. When calculators were included in testing and instruction, the procedural, conceptual, and overall achievement skills of students improved.",not reported in retrieved text,not reported in retrieved text,abstract only,STUDY TYPE: meta-analysis; abstract only; meta-analysis; mixed population including minors; no numeric effect sizes reported; inclusion overridden by reviewer: meta-analysis spanning middle/high school AND college courses; not children-only
10.1207/s15327108ijap0301_1,Parasuraman et al. 1993,Performance Consequences of Automation-Induced 'Complacency',1993,The International Journal of Aviation Psychology,peer-reviewed,c_automation_safety_critical,"Two experiments; within-subjects manipulation of automation reliability (constant low, constant high, variable); randomisation not reported in retrieved text.",40 subjects,not reported in retrieved text,four 30-min sessions,partly,Operator detection of automation failures in a system-monitoring task under automation control; also tested with system monitoring as the only task,"Operator detection of automation failures was substantially worse for constant-reliability than for variable-reliability automation after about 20 min under automation control, indicating that the former condition induced ""complacency."" When system monitoring was the only task, detection was very efficient and was unaffected by variations in automation reliability. The results provide the first empirical evidence of the performance consequences of automation-induced ""complacency.""",not reported in retrieved text,not reported in retrieved text,abstract only,abstract only
10.1197/jamia.m1279,Tsai et al. 2003,Computer Decision Support as a Source of Interpretation Error: The Case of Electrocardiograms,2003,Journal of the American Medical Informatics Association,peer-reviewed,c_automation_safety_critical,"Randomized controlled trial, two-period crossover design, matched pairs; compared EKG interpretation accuracy with vs without computer interpretation.",not reported in retrieved text,"resident (noncardiologist) physicians, internal medicine residents",not reported in retrieved text,yes,"Subjects' interpretive accuracy of discrete, cardiologist-determined EKG findings, judged by a board-certified internist","Without the CI, subjects interpreted 48.9% (95% confidence interval, 45.0% to 52.8%) of the findings correctly; with the CI, subjects interpreted 55.4% (51.9% to 58.9%) correctly (p < 0.0001). Subjects erroneously agreed with the incorrect CI more often when it was presented with the EKG 67.7% (57.2% to 76.7%) than when it was not 34.6% (23.8% to 47.3%; p < 0.0001), and accuracy dropped to 48.3% (40.4% to 56.4%) when the incorrect computer advice was provided (p = 0.131) compared to 56.7% (48.5% to 64.5%) when not provided. The authors conclude that computer decision support systems can generally improve interpretive accuracy, but subjects were influenced significantly by incorrect advice, which tempers the overall usefulness of computer-generated advice.","Without CI: 48.9% (45.0%-52.8%); With CI: 55.4% (51.9%-58.9%), p < 0.0001; Correct CI included: 68.1% (63.2%-72.7%) vs 53.1% (47.7%-58.5%) not included, p < 0.0001; Incorrect CI provided: 48.3% (40.4%-56.4%) vs not provided 56.7% (48.5%-64.5%), p = 0.131; Erroneous agreement with incorrect CI: 67.7% (57.2%-76.7%) presented vs 34.6% (23.8%-47.3%) not presented, p < 0.0001",not reported in retrieved text,abstract only,abstract only; laboratory setting
10.1080/00140130903342349,Ebbatson et al. 2010,The relationship between manual handling performance and recent flying experience in air transport pilots,2010,Ergonomics,peer-reviewed,c_automation_safety_critical,not reported in retrieved text,not reported in retrieved text,air transport pilots,not reported in retrieved text,not reported in retrieved text,flight path tracking measures; frequency-based control strategy measures,"Significant relationships are identified between pilots' very recent flying experience and their manual control strategy. The study demonstrates a novel application of frequency analysis, which produces a broader and more sensitive analysis of pilot performance than has been offered in previous research.",not reported in retrieved text,not reported in retrieved text,abstract only,abstract only; inclusion overridden by reviewer: in scope: unaided manual handling performance vs recent flying experience
10.1136/amiajnl-2011-000089,Goddard et al. 2012,"Automation bias: a systematic review of frequency, effect mediators, and mitigators",2012,Journal of the American Medical Informatics Association,peer-reviewed,c_automation_safety_critical,Systematic review of literature across research fields; not randomised; not a single study comparison but synthesis of 74 included studies.,not reported in retrieved text,not reported in retrieved text,not reported in retrieved text,not reported in retrieved text,not reported in retrieved text,"Although most research shows overall improved performance with use of clinical decision support systems, there is often a failure to recognize the new errors that CDSS can introduce. User factors (cognitive style, DSS, task-specific experience), attitudinal factors (trust and confidence), and environmental mediators (workload, task complexity, time constraint) mediated automation bias, while implementation factors (training, user accountability) and DSS design factors (advice position, updated confidence levels, information vs recommendation) acted as mitigators.",not reported in retrieved text,not reported in retrieved text,abstract only,"STUDY TYPE: systematic review; abstract only; review of heterogeneous fields not limited to healthcare; exposure not clearly non-AI tool; inclusion overridden by reviewer: systematic review; outcome measured WITH the aid (automation bias), flagged"
10.1177/0272989x12465490,Povyakalo et al. 2013,How to Discriminate between Computer-Aided and Computer-Hindered Decisions,2013,Medical Decision Making,peer-reviewed,c_automation_safety_critical,Reanalysis of prior study data; not stated as randomised; within-reader comparison of mammogram interpretation with vs without CAD.,"50 professionals (""readers""); 180 mammograms","professionals (""readers"") interpreting mammograms for cancer screening",not reported in retrieved text,yes,"sensitivity (probability of correct screening decision on a patient with cancer), cancer difficulty (proportion of readers who missed it), reader discriminating ability (Youden's determinant)","Use of CAD was associated with a 0.016 increase in sensitivity (95% CI, 0.003-0.028) for the 44 least discriminating radiologists for 45 relatively easy, mostly CAD-detected cancers. However, for the 6 most discriminating radiologists, with CAD, sensitivity decreased by 0.145 (95% CI, 0.034-0.257) for the 15 relatively difficult cancers. The authors conclude that despite the original study detecting no significant average effect, CAD helped the less discriminating readers but hindered the more discriminating readers.","0.016 increase in sensitivity (95% CI, 0.003-0.028) for 44 least discriminating radiologists; 0.145 decrease in sensitivity (95% CI, 0.034-0.257) for 6 most discriminating radiologists",not reported in retrieved text,abstract only,abstract only; secondary reanalysis of existing data; exploratory analysis; small subgroup (n=6 most discriminating radiologists); not randomised; no significant average effect in original study
10.1177/0018720814535628,Casner et al. 2014,The Retention of Manual Flying Skills in the Automated Cockpit,2014,Human Factors: The Journal of the Human Factors and Ergonomics Society,peer-reviewed,c_automation_safety_critical,Simulator study; automation level systematically varied within pilots; not stated as randomised; performance graded and pilots probed on thoughts.,16,airline pilots,not reported in retrieved text,yes,"instrument scanning, manual control skills, performance on manual cognitive flight tasks (tracking aircraft position without map display, deciding navigational steps, recognizing instrument system failures), frequency of task-unrelated thought","Pilots' instrument scanning and manual control skills were mostly intact, even when pilots reported that they were infrequently practiced. However, when pilots were asked to manually perform the cognitive tasks needed for manual flight, more frequent and significant problems were observed, and performance on these cognitive tasks was associated with measures of how often pilots engaged in task-unrelated thought when cockpit automation was used.",not reported in retrieved text,not reported in retrieved text,abstract only,abstract only; small sample; simulator study; non-randomised automation manipulation; self-report exposure measure
10.1001/jamainternmed.2015.5231,Lehman et al. 2015,Diagnostic Accuracy of Digital Screening Mammography With and Without Computer-Aided Detection,2015,JAMA Internal Medicine,peer-reviewed,c_automation_safety_critical,"Observational, not randomised; compared digital mammography interpretation with vs without CAD, including a subset of 107 radiologists who did both.",323 973 women; 495 818 mammograms interpreted with CAD vs 129 807 without CAD; 271 radiologists from 66 facilities; 3159 breast cancers identified.,"Women undergoing digital screening mammography in US community practice, 2003 through 2009, within the Breast Cancer Surveillance Consortium.",not reported in retrieved text,yes,"Sensitivity, specificity, screen-detected and interval cancers per 1000 women (cancer detection rate), modeled via logistic regression with radiologist-specific random effects; conditional logistic regression for intraradiologist comparison.","Screening performance was not improved with CAD on any metric assessed. Mammography sensitivity was 85.3% (95% CI, 83.6%-86.9%) with and 87.3% (95% CI, 84.5%-89.7%) without CAD, while specificity was 91.6% (95% CI, 91.0%-92.2%) with and 91.4% (95% CI, 90.6%-92.0%) without CAD, with no difference in cancer detection rate (4.1 in 1000 women screened with and without CAD). Among radiologists who interpreted both with and without CAD, sensitivity was significantly decreased with CAD (odds ratio, 0.53; 95% CI, 0.29-0.97), and CAD did not improve intraradiologist performance.","Sensitivity: 85.3% (95% CI, 83.6%-86.9%) with CAD vs 87.3% (95% CI, 84.5%-89.7%) without CAD; Specificity: 91.6% (95% CI, 91.0%-92.2%) with vs 91.4% (95% CI, 90.6%-92.0%) without CAD; cancer detection rate 4.1 in 1000 women both groups; odds ratio for sensitivity in intraradiologist subset, 0.53 (95% CI, 0.29-0.97).",not reported in retrieved text,abstract only,abstract only; observational/non-randomised design; possible confounding by indication or facility/radiologist selection not detailed
10.1177/0018720816640394,Haslbeck et al. 2016,Flying the Needles,2016,Human Factors: The Journal of the Human Factors and Ergonomics Society,peer-reviewed,c_automation_safety_critical,Not randomised; cross-sectional comparison of four naturally occurring pilot groups by fleet (short-/long-haul) and rank.,126,"126 randomly selected airline pilots, assigned to four equal groups by fleet (short-haul, long-haul) and rank (first officer, captain)",not reported in retrieved text,yes,Average ILS deviation scores during a manual flight scenario with a raw data precision approach,"Average ILS deviation scores differed significantly in relation to the group assignments, and the strongest predictor variable was fleet, indicating degraded performance among long-haul pilots. The authors conclude that recent flight practice is a significantly stronger predictor for fine-motor flying performance than the time period since flight school or even the total or type-specific flight experience.",not reported in retrieved text,not reported in retrieved text,abstract only,abstract only; cross-sectional; exposure not experimentally manipulated (natural fleet/rank grouping); no numeric effect sizes reported
10.1016/j.apergo.2017.03.015,Haslbeck et al. 2017,I spy with my little eye: Analysis of airline pilots’ gaze patterns in a manual instrument flight scenario,2017,Applied Ergonomics,peer-reviewed,c_automation_safety_critical,Non-randomised between-groups comparison of short-haul vs long-haul pilots performing a manual approach; no randomisation reported.,not reported in retrieved text,"Airline pilots, differing by practice level (short-haul vs. long-haul)",not reported in retrieved text,yes,Eye-tracking derived gaze patterns/saccade groupings; manual flight performance during a manual raw data precision approach,"The analysis of gaze patterns, based on predominant saccades, revealed one main group of saccades among long-haul pilots, whereas short-haul pilots showed more balanced scanning using two different groups of saccades. Short-haul pilots generally demonstrated better manual flight performance, and within this group one type of scan pattern was found to facilitate the manual landing task more; long-haul pilots tend to utilize visual scanning behaviors that are inappropriate for the manual ILS landing task.",not reported in retrieved text,not reported in retrieved text,abstract only,abstract only; non-randomised group comparison; no effect sizes or sample size reported
10.1177/1555343420962897,Volz et al. 2020,Evaluation of Cognitive Skill Degradation in Flight Planning,2020,Journal of Cognitive Engineering and Decision Making,peer-reviewed,c_automation_safety_critical,"Two studies: cognitive task analysis, then empirical evaluation with three groups (manual, alternating, automation-only) across practice trials; randomisation not reported in retrieved text.",not reported in retrieved text,not reported in retrieved text,Trials separated by 2 weeks; three practice trials for alternating/automation groups,yes,not reported in retrieved text,"The automation group showed the most performance degradation and highest workload, while the manual group showed the least performance degradation and least workload. Automation use did not provide the practice needed to mitigate cognitive skill degradation.",not reported in retrieved text,not reported in retrieved text,abstract only,"abstract only; small sample (implied by group design, not explicitly stated); no numeric effect sizes reported"
10.3390/app112311098,Rashid et al. 2021,Evaluation of Manual Skill Degradation Due to Automation in Apparel Manufacturing,2021,Applied Sciences,peer-reviewed,c_automation_safety_critical,"Randomised into three groups (MMG, AG, RTG) after initial training; between-group comparison via independent t-test at 6-week retention.",67,Sewing machine operators (apparel manufacturing); adult status not reported in retrieved text,Six weeks (retention interval before skill retrieval assessment),partly,Average single cycle time (ASCT); right-first-time percent (RFT %),The result of an independent t-test showed no significant differences among performances of the three groups after the initial training stage. A significant increase in the average single cycle time (ASCT) and decrease in the right-first-time percent (RFT %) was found in the AG while the ASCT decreased and the RFT% increased among the MMG after the retention interval. The RTG almost maintained its production output and the ASCT due to refresher training drills.,not reported in retrieved text,not reported in retrieved text,abstract only,abstract only; exploratory study; manual/motor skill outcome not cognitive per criteria; inclusion overridden by reviewer: in scope: manual skill measured after a period of automation exposure; abstract states a 'skill retrieval assessment' after six weeks of differing automation exposure but does not explicitly state that the assessment was performed on manual machines
10.3390/safety8020022,Klostermann et al. 2022,Factors Influencing Attenuating Skill Decay in High-Risk Industries: A Scoping Review,2022,Safety,peer-reviewed,c_automation_safety_critical,Scoping review of n = 58 studies; not randomised; no single comparison group described.,n = 58 studies,not reported in retrieved text,not reported in retrieved text,not reported in retrieved text,not reported in retrieved text,"The findings demonstrate the relevance of task characteristics and method-related (cognitive-based, behavioral-based training) and person-related factors (e.g., cognitive ability, experience, motivation) to mitigate decay. Additionally, the results demonstrate that minor refresher interventions are effective at attenuating complex cognitive skill decay.",not reported in retrieved text,not reported in retrieved text,abstract only,STUDY TYPE: systematic review; abstract only; inclusion overridden by reviewer: review of skill decay in high-risk industries; flagged as not exclusively tool-offloading
10.1126/science.1207745,Sparrow et al. 2011,Google Effects on Memory: Cognitive Consequences of Having Information at Our Fingertips,2011,Science,peer-reviewed,d_internet_search_external_memory,not reported in retrieved text,not reported in retrieved text,not reported in retrieved text,not reported in retrieved text,not reported in retrieved text,not reported in retrieved text,"When faced with difficult questions, people are primed to think about computers. When people expect to have future access to information, they have lower rates of recall of the information itself and enhanced recall instead for where to access it.",not reported in retrieved text,not reported in retrieved text,abstract only,abstract only
10.1177/0956797614559285,Storm et al. 2014,Saving-Enhanced Memory,2014,Psychological Science,peer-reviewed,d_internet_search_external_memory,Three experiments comparing saving a file before study vs. not saving/unreliable saving; randomisation not reported in retrieved text.,not reported in retrieved text,not reported in retrieved text,not reported in retrieved text,not reported in retrieved text,not reported in retrieved text,Results from three experiments showed that saving one file before studying a new file significantly improved memory for the contents of the new file. This effect was not observed when the saving process was deemed unreliable or when the contents of the to-be-saved file were not substantial enough to interfere with memory for the new file.,not reported in retrieved text,not reported in retrieved text,abstract only,abstract only
10.1037/xge0000070,Fisher et al. 2015,Searching for explanations: How the Internet inflates estimates of internal knowledge.,2015,Journal of Experimental Psychology: General,peer-reviewed,d_internet_search_external_memory,not reported in retrieved text,not reported in retrieved text,not reported in retrieved text,not reported in retrieved text,not reported in retrieved text,self-assessed knowledge; perceived brain activity as depicted by fMRI images,"Evidence from 9 experiments shows that searching for information online leads to an increase in self-assessed knowledge as people mistakenly think they have more knowledge ""in the head,"" even seeing their own brains as more active as depicted by functional MRI (fMRI) images. Searching the Internet for explanatory knowledge creates an illusion whereby people mistake access to information for their own personal understanding of the information.",not reported in retrieved text,not reported in retrieved text,abstract only,abstract only
10.1016/j.concog.2015.05.014,Risko et al. 2015,Storing information in-the-world: Metacognition and cognitive offloading in a short-term memory task,2015,Consciousness and Cognition,peer-reviewed,d_internet_search_external_memory,Multiple experiments comparing internal-memory-only condition to optional external storage (writing) condition; randomisation not reported in retrieved text.,not reported in retrieved text,not reported in retrieved text,not reported in retrieved text,yes,Short-term memory task performance; metacognitive judgments of predicted performance and effort expenditure; spontaneous use of external storage,"The spontaneous use of external storage was related both to the number of items to be remembered and an individual's actual and perceived short-term-memory capacity. Interestingly, individuals often used external storage despite its use affording no observable benefit.",not reported in retrieved text,not reported in retrieved text,abstract only,abstract only; primary study design details not reported
10.1016/j.tics.2016.07.002,Risko et al. 2016,Cognitive Offloading,2016,Trends in Cognitive Sciences,peer-reviewed,d_internet_search_external_memory,not reported in retrieved text,not reported in retrieved text,not reported in retrieved text,not reported in retrieved text,not reported in retrieved text,not reported in retrieved text,"The authors review research on cognitive offloading, focusing on (i) what mechanisms trigger cognitive offloading, and (ii) what are the cognitive consequences of this behavior. They offer 'a novel metacognitive framework that integrates results from diverse domains and suggests avenues for future research.'",not reported in retrieved text,not reported in retrieved text,abstract only,STUDY TYPE: narrative review; abstract only; narrative review framing; inclusion overridden by reviewer: narrative review of the cognitive offloading literature
10.1080/09658211.2016.1210171,Storm et al. 2016,Using the Internet to access information inflates future use of the Internet to access other information,2016,Memory,peer-reviewed,d_internet_search_external_memory,Three experiments; comparison between participants who used Google vs. answered from memory on initial questions; randomisation not reported in retrieved text,not reported in retrieved text,not reported in retrieved text,not reported in retrieved text,no,not reported in retrieved text,Participants who used Google to answer an initial set of difficult trivia questions were more likely to decide to use Google when answering a new set of relatively easy trivia questions than were participants who answered the initial questions from memory. These results suggest that relying on the Internet to access information makes one more likely to rely on the Internet to access other information.,not reported in retrieved text,not reported in retrieved text,abstract only,abstract only
10.1016/j.cognition.2019.104012,Hu et al. 2019,A role for metamemory in cognitive offloading,2019,Cognition,peer-reviewed,d_internet_search_external_memory,"Within-participant experimental design (4 experiments), not randomised between-groups; comparison was forced-recall (no offloading) vs free-choice (offloading available) test conditions.",Experiment 1: 27; Experiment 2a: 27; Experiment 2b: 40; Experiment 3: not reported in retrieved text,"Adult participants recruited from Wellcome Centre for Human Neuroimaging, University College London (Experiments 1 and 2a) and online via Prolific (Experiment 2b); native English speakers with normal or corrected-to-normal vision.",not reported in retrieved text,yes,"Proportion of saved word pairs during learning; proportion of ask-for-help trials in free-choice test; recall accuracy (forced-recall vs free-choice); confidence ratings (with-hint vs without-hint); computational model parameters (C, P hint_o, beta0, beta1) from Bayesian hierarchical model.","Participants adaptively saved the most difficult items (proportion saved: difficult M = 0.75, SD = 0.18 vs easy M = 0.15, SD = 0.19, t(26) = 9.17, p < .001, d = 1.76) and used offloaded information to boost memory performance, with recall performance significantly higher in free-choice than forced-recall tests for saved pairs, F(1, 27.08) = 13.34, p = .001, η p2 = 0.33, but not for unsaved pairs, F(1, 26) = 1.20, p = .283, η p2 = 0.04. The winning computational model showed beliefs about the performance boost from offloaded information were negatively coupled to evaluations of memory ability, and confidence judgments predicted decisions to use saved information, indicating cognitive offloading is associated with metacognitive evaluation about memory performance.","d = 1.76 (proportion saved, easy vs difficult); η p2 = 0.68 (item difficulty on asking for help); η p2 = 0.24 (saved vs unsaved on asking for help); η p2 = 0.67 (item difficulty on recall); η p2 = 0.20 (test type x saved interaction on recall); η p2 = 0.33 (saved pairs, free-choice vs forced-recall); η p2 = 0.04 (unsaved pairs, free-choice vs forced-recall); η p2 = 0.24 (unsaved vs saved in forced-recall); η p2 < 0.01 (unsaved vs saved in free-choice); η p2 = 0.76 (self-answer vs ask-for-help recall); η p2 = 0.32 (interaction ask-for-help x saved); η p2 = 0.44 (saved pairs when asking for help); criterion difference mean = 0.186, 95% CI [0.070 0.295]; P hint_o difference mean = 0.487, 95% CI [0.189 0.766]",not reported in retrieved text,full text,self-report exposure measure (confidence ratings); small sample (Experiments 1 and 2a n=27); within-subject design limits generalisability; monetary incentive structure may not generalise to real-world offloading behaviour
10.3758/s13423-019-01615-8,Kelly et al. 2019,Offloading memory: Serial position effects,2019,Psychonomic Bulletin &amp; Review,peer-reviewed,d_internet_search_external_memory,Two experiments; group comparison (offloading vs. no-offloading expectation) across multiple free recall trials with aid then a final trial without aid; randomisation not reported in retrieved text.,not reported in retrieved text,not reported in retrieved text,not reported in retrieved text,yes,serial position effect (primacy and recency effects) in free recall,"The authors found a memory impairment for offloaded items that was characterized by a reduced primacy effect but a typical recency effect, similar to what has been reported in research on intentional/directed forgetting. This pattern was observed when comparing a group expecting to use the aid for the final trial (offloading) with a group that was not (no-offloading).",not reported in retrieved text,not reported in retrieved text,abstract only,abstract only
10.1186/s41235-019-0201-4,Morrison et al. 2020,Offloading items from memory: individual differences in cognitive offloading in a short-term memory task,2020,Cognitive Research: Principles and Implications,peer-reviewed,d_internet_search_external_memory,"Not randomised (blocked, order counterbalanced); within-subjects comparison of choice (offloading allowed) vs no-choice (internal memory only) conditions; correlational individual-differences analyses.",114,"University students (undergraduates receiving course credit), final sample from two sites (California State University, Sacramento, and Stony Brook University); data collected from 130, 16 excluded, final n=114.",not reported in retrieved text,yes,"Auditory short-term memory task (letter recall, set sizes 2,4,6,8,10) scored all-or-none for accuracy in no-choice and choice conditions; proportion of trials offloaded (written down) in choice block; working memory capacity (WMC) composite from automated operation span and symmetry span (Z-score composite using Redick et al. 2012 norms).","Offloading conferred a performance advantage over relying on internal memory, particularly at higher memory loads: significant main effect of condition (F(1,113)=96.539, p<.001, η2G=0.105) with better performance in choice than no-choice, and a significant condition × load interaction (F(4,452)=42.478, p<.001, η2G=0.085) where the load effect was less pronounced in the choice condition. However, contrary to Risko and Dunn (2015), no-choice block performance was not correlated with offloading frequency (r(112)=-0.012, p=.897), and WMC did not predict offloading behavior (model with no-choice performance and WMC: R2=0.001, adjusted R2=-0.017, F(2,111)=0.066, p=.936) nor the benefit of offloading at high loads (t(111)=0.821, p=.414), while proportion of high-load trials offloaded was a significant predictor of offloading benefit (t(111)=4.349, p<.001).","Main effect of condition: F(1,113)=96.539, p<.001, η2G=0.105; condition × load interaction: F(4,452)=42.478, p<.001, η2G=0.085; set size 2: t(38)=-2.647, p=.012, d=-0.535; set size 4: t(68)=0.910, p=.366, d=0.115; set size 6: t(100)=6.278, p<.001, d=0.729; set size 8: t(104)=12.113, p<.001, d=1.478; set size 10: t(107)=9.672, p<.001, d=1.312; no-choice performance × offloading correlation: r(112)=-0.012, p=.897; regression model with no-choice+WMC: R2=0.001, adjusted R2=-0.017, F(2,111)=0.066, p=.936; high-load benefit model: R2=0.148, adjusted R2=0.132, F(2,111)=9.619, p<.001, offloading proportion t(111)=4.349, p<.001, WMC t(111)=0.821, p=.414.","Lower overall accuracy compared to Risko and Dunn (2015), possibly due to sample differences (higher proportion of non-native English speakers), compensation differences (course credit only vs. course credit or pay), auditory-only stimulus presentation difficulties, and inability to isolate error sources on offloaded trials (incorrect/incomplete copying vs. reporting errors).",full text,registered report; replication study; correlational individual-differences analyses; auditory-only stimuli; sample differences from original study noted by authors; null findings for key hypotheses
10.1080/09658211.2020.1764974,Scarampi et al. 2020,The effect of recent reminder setting on subsequent strategy and performance in a prospective memory task,2020,Memory,peer-reviewed,d_internet_search_external_memory,Three pre-registered online experiments; web-based prospective memory task manipulating possibility of setting reminders; randomisation not reported in retrieved text.,not reported in retrieved text,not reported in retrieved text,not reported in retrieved text,yes,not reported in retrieved text,"Earlier cognitive offloading had little effect upon individuals' subsequent unaided ability, leading to a small and nonsignificant drop in subsequent performance. However, there was a strong effect on participants' subsequent likelihood of setting reminders. These findings suggest that the short-term impact of cognitive offloading is more likely to be seen on individuals' strategy choices rather than basic memory processes.",not reported in retrieved text,not reported in retrieved text,abstract only,abstract only
10.1080/09658211.2021.1882501,Fisher et al. 2021,Information without knowledge: the effects of Internet search on learning,2021,Memory,peer-reviewed,d_internet_search_external_memory,Five experiments; participants studied by searching online vs. directly receiving same information; randomised status not reported in retrieved text.,not reported in retrieved text,not reported in retrieved text,not reported in retrieved text,yes,Learning assessment (quiz performance); confidence/metacognitive judgment of mastery of study material,"Across five experiments, those who searched the Internet performed worse in the learning assessment, indicating that they stored less new knowledge in internal memory. However, participants who searched the Internet were as confident, or even more confident, that they had mastered the study material compared to those who did not search online.",not reported in retrieved text,not reported in retrieved text,abstract only,abstract only
10.1177/17470218211008060,Grinschgl et al. 2021,Consequences of cognitive offloading: Boosting performance but diminishing memory,2021,Quarterly Journal of Experimental Psychology,peer-reviewed,d_internet_search_external_memory,"Randomised between-subjects; lockout vs no-lockout offloading cost, and test-awareness manipulation across 3 experiments.",172 (Experiment 1); 172 (Experiment 2); 172 (Experiment 3),"University students (Tübingen), Experiment 1: 131 females, 18–47 years; Experiment 2: 137 females, 18–35 years",not reported in retrieved text,yes,"Pattern Copy Task offloading proxies (openings of model window, initial encoding duration, initially correctly copied items); immediate performance (trial duration, errors); delayed unexpected/expected memory test (identity, identity-location bindings, corrected bindings); Visual Patterns Test and Corsi Blocks Task as working memory capacity measures","In Experiment 1, participants in the no lockout condition showed more cognitive offloading and higher immediate task efficiency, but performed less accurately in the unexpected memory test, e.g. identity t(170) = –2.76, p = .006, η p2 = .04, and identity-location bindings t(170) = –2.63, p = .009, η p2 = .04. Correlational analyses showed increasing offloading was associated with decreasing memory accuracy across proxies, all |r|s(84) ⩾ .51, all ps < .001. In Experiment 2, participants aware of the upcoming memory test reduced offloading behaviour and subsequently showed improved memory performance, matching the Experiment 1 trade-off between faster task processing and less accurate memory with more offloading.","Experiment 1: openings of model window t(170)=7.55, p<.001, η p2=.25, 95% CI=[0.15,0.35]; identity memory t(170)=–2.76, p=.006, η p2=.04, 95% CI=[0.003,0.12]; identity-location bindings t(170)=–2.59, p=.010, η p2=.04, 95% CI=[0.002,0.11]; corrected bindings t(170)=–2.63, p=.009, η p2=.04, 95% CI=[0.002,0.11]; correlations all |r|s(84) ⩾ .51, ps<.001",not reported in retrieved text,full text,student sample; multiple experiments in one paper; text truncated before full Experiment 2/3 results and Discussion/limitations section; unexpected vs announced memory test differs by experiment
10.1073/pnas.2105061118,Ward 2021,People mistake the internet’s knowledge for their own,2021,Proceedings of the National Academy of Sciences,peer-reviewed,d_internet_search_external_memory,Eight experiments; not reported in retrieved text whether randomised; comparison was Google users vs those using only own knowledge,"1,917",not reported in retrieved text,not reported in retrieved text,partly,confidence in ability to access external information; confidence in own ability to think and remember; predicted future knowledge without internet help,"People who use Google to answer general knowledge questions are not only more confident in their ability to access external information; they are also more confident in their own ability to think and remember. Those who use Google predict that they will know more in the future without the help of the internet, an erroneous belief indicating misattribution of prior knowledge and highlighting overconfidence when the internet is no longer available.",not reported in retrieved text,not reported in retrieved text,abstract only,abstract only
10.3758/s13423-022-02139-4,Gilbert et al. 2022,Outsourcing Memory to External Tools: A Review of ‘Intention Offloading’,2022,Psychonomic Bulletin &amp; Review,peer-reviewed,d_internet_search_external_memory,Narrative review of primarily non-randomised experimental studies comparing internal memory vs external reminder use,not reported in retrieved text,"Adults, children (7-13 years), and older adults across multiple reviewed studies",not reported in retrieved text,yes,"Reminder-setting rate, accuracy with/without reminders, metacognitive confidence/predictions, reminder bias relative to optimal","The authors conclude that intention offloading is highly effective, experimentally tractable, and guided by metacognitive processes, with individuals showing systematic biases stable over time. They report, e.g., that in Gilbert et al. (2020) participants had a forgetting rate of about 45% when using their own memory but only around 5% using external reminders. They also found that participants tend to set more reminders than would be optimal, and that this bias is influenced by metacognitive beliefs, effort-avoidance, and strategy perseveration.","forgetting rate of about 45% (own memory) vs around 5% (external reminders); r = -0.01 (Gilbert, 2015b, Experiment 1a)",not reported in retrieved text,full text,STUDY TYPE: narrative review; narrative review; heterogeneous study designs; no meta-analytic pooling; self-report metacognitive measures in some cited studies
10.1080/13546783.2024.2413151,Florean et al. 2024,Mark it out! Spontaneous cognitive offloading in route planning,2024,Thinking &amp; Reasoning,peer-reviewed,d_internet_search_external_memory,Experimental study manipulating map difficulty and pen availability (offloading vs no offloading); randomisation not reported in retrieved text.,not reported in retrieved text,not reported in retrieved text,not reported in retrieved text,partly,not reported in retrieved text,"Participants used more types of offloading strategies in the high (vs. low) difficulty maps and showed a better performance in the offloading (vs. no offloading) condition in the high difficulty maps only. Even in the low difficulty maps, cognition was offloaded, especially when participants solved the high difficulty maps first (perseveration effect). The use of offloading strategies and offloading-supported planning performance were positively related with visual search ability, while performance in the no offloading condition was positively related with spatial working memory.",not reported in retrieved text,not reported in retrieved text,abstract only,abstract only
10.3389/fpubh.2024.1332030,Gong et al. 2024,Google effects on memory: a meta-analytical review of the media effects of intensive Internet search behavior,2024,Frontiers in Public Health,peer-reviewed,d_internet_search_external_memory,"Meta-analysis (random-effects model) of 35 independent comparisons from 22 studies; not a single randomised trial; comparisons vary by included primary study (e.g., experimental vs. control groups, pre/post Internet search training).","30,889 participants across 22 selected articles (35 independent comparisons); ages ranging from 12 to 89 years old.","Participants across 22 studies, ages 12 to 89 years old; region categorized as North America, Europe, or Asia; not reported in retrieved text whether restricted to any specific population beyond this.",not reported in retrieved text,not reported in retrieved text,"Cohen's d as the effect size metric; five categories of research type: cognitive load, cognitive measurement, behavioral phenotype, cognitive self-esteem, and psychophysiology (e.g., EEG, fMRI); Cochrane Q statistic and I2 index for heterogeneity; moderator analyses (region, publication year, percentage of males, age, sample size, type).","The authors found that google effects is closely associated with cognitive load, behavioral phenotype and cognitive self-esteem. For the cognitive load subgroup, observed outcome = 0.73, 95%CI = [0.22, 1.24]; behavioral phenotype subgroup observed outcome = 0.39, 95%CI = [0.16, 0.61]; cognitive self-esteem subgroup observed outcome = 0.91, 95%CI = [0.23, 1.59]. For cognitive measurement, observed outcome = 0.56, 95%CI = [−0.15, 1.28], and psychophysiology, observed outcome = 1.01, 95%CI = [−0.12, 2.13], the 95%CI included zero so it was not possible to conclude whether these factors had a significant effect. Meta-analyses show that participants in North America (parameter = −1.0365, 95%CI = [−1.8758, −0.1972], p < 0.05) are more susceptible to frequent Internet search behavior relative to other regions, and region (Q = 6.1997, p < 0.050) accounted for 13.18% of the total heterogeneity.","Cohen's d ranged from −0.85 to 4.38 across included studies; subgroup observed outcomes: cognitive load 0.73 [0.22, 1.24]; behavioral phenotype 0.39 [0.16, 0.61]; cognitive self-esteem 0.91 [0.23, 1.59]; cognitive measurement 0.56 [−0.15, 1.28]; psychophysiology 1.01 [−0.12, 2.13]; region moderator: Europe d = −1.1063, 95%CI = [−2.3157, 0.103]; North America d = −1.0365*, 95%CI = [−1.8758, −0.1972] (*p < 0.05); the pooled d overall was described as 'a moderate but statistically significant effect size' without a specific numeric value reported in retrieved text.","Lack of solicitation for ongoing or unpublished studies, potentially missing relevant research; some moderators may have been neglected during coding; region analysis could be optimized further (e.g., country-specific data); funnel plots used for publication bias but potential sources of bias may still exist, and additional tests like Trim-and-Fill were not employed in this study.",full text,STUDY TYPE: meta-analysis; meta-analysis of heterogeneous primary designs; substantial heterogeneity across studies; wide age range pooled together; region moderator based on limited categories (only Europe and North America significant); some subgroup CIs cross zero; self-report exposure measure in some underlying studies (not fully specified in retrieved text); english-language restriction; published studies only (no unpublished/grey literature)
10.1186/s41235-026-00722-0,Florean et al. 2026,Get the unbalance right: asymmetric transfer effects in cognitive offloading,2026,Cognitive Research: Principles and Implications,peer-reviewed,d_internet_search_external_memory,"Experiment 1: 4 (group) x 2 (test block: training-consistent vs training-inconsistent) mixed design; between-participants random assignment to groups, within-participants counterbalanced test blocks; comparison is pen/hand availability vs removal/introduction",137,"undergraduates (84.67% female, age: M = 22.36, SD = 5.78)",not reported in retrieved text,partly,Proportional deviation above the shortest route; map completion time; number/type of offloading strategies (pen use categorized into 4 strategy types); perceived task difficulty and effort (7-point scale); Symmetry Span task (spatial working memory); Multiple Features Target Cancellation task (visual search),"Participants in all conditions employed offloading strategies when pen use was allowed during planning: pen → no-pen group employed an average of 3.52 strategies (SD = 0.73), t(34) = 28.60, p < .001, d = 4.83; pen → no-hand group employed 3.35 strategies (SD = 0.94), t(35) = 21.49, p < .001, d = 3.58; no-pen → pen group employed 2.46 strategies (SD = 0.87), t(32) = 16.20, p < .001, d = 2.82; no-hand → pen group employed 2.56 strategies (SD = 1.22), t(32) = 12.02, p < .001, d = 2.09. The provided text is truncated before the main transfer-effect results (H1-H4) are reported.",d = 4.83; d = 3.58; d = 2.82; d = 2.09 (all for one-sample t-tests confirming offloading strategy use above zero); full effect sizes for the primary transfer hypotheses not reported in retrieved text,not reported in retrieved text,full text,text truncated before main results; self-report measures for difficulty/effort; between-groups comparison with counterbalanced within-subject test blocks
10.1002/dys.1480,Hiscox et al. 2014,The Effects of Automatic Spelling Correction Software on Understanding and Comprehension in Compensated Dyslexia: Improved Recall Following Dictation,2014,Dyslexia,peer-reviewed,e_spellcheck_other_tools,Within-subject design with three test conditions; not reported in retrieved text whether randomised.,not reported in retrieved text,University students with (compensated) dyslexia,not reported in retrieved text,yes,Working memory measure (impaired working memory confirmed); understanding/comprehension of a piece of text following dictation/transcription task; recall,"We confirm impaired working memory in a sample of university students with (compensated) dyslexia, and using a within‐subject design with three test conditions, we show that these participants demonstrated better understanding of a piece of text if they had used automatic spelling correction software during a dictation/transcription task. We hypothesize that the use of the autocorrecting software reduced demand on working memory, by allowing word writing to be more automatic, thus enabling better processing and understanding of the content of the transcriptions and improved recall.",not reported in retrieved text,not reported in retrieved text,abstract only,abstract only; small sample (implied by 'a sample' but not quantified); self-report exposure measure (not confirmed - not reported in retrieved text)
10.1111/1467-9817.12073,Waldron et al. 2016,"Use of predictive text in text messaging over the course of a year and its relationship with spelling, orthographic processing and grammar",2016,Journal of Research in Reading,peer-reviewed,e_spellcheck_other_tools,"Longitudinal, non-randomised observational study over one year comparing predictive text users vs nonusers across three age cohorts.",not reported in retrieved text,"Primary school, secondary school, and university student cohorts.",over the course of a year,not reported in retrieved text,"Use of text abbreviations ('textisms'), genuine spelling errors, grammatical violations/errors in text messages, orthographic processing, morphological awareness, grammatical understanding, consistency of predictive text use over time.","No differences in use of textisms were found between predictive text users and nonusers, but secondary school children who used predictive text made more genuine spelling errors than nonusers. Predictive text was related to use of some specific grammatical violations in school-age children's texts but was not related overall to the tendency to make grammatical errors, whereas university students made significantly fewer grammatical errors in their text messages when they used predictive text. Consistency of predictive text use was unrelated to grammatical understanding, spelling or orthographic processing for primary and secondary school cohorts, and predictive text use was negatively related to morphological awareness for adult participants.",not reported in retrieved text,"abstract only; specific statistics (n, exact effect sizes, p values) not reported in retrieved text",abstract only,abstract only; non-randomised/observational; mixed age groups; exposure likely self-report or usage-log based (not specified)
10.23918/ijsses.v9i3p101,Ali et al. 2022,The Effect of Spell-Checker Features on Spelling Competence among EFL Learners: An Empirical Study,2022,International Journal of Social Sciences &amp; Educational Studies,peer-reviewed,e_spellcheck_other_tools,Quasi-experimental; not randomised; comparison appears to be between learners with heavy vs. less dependence on spell-checker tools.,not reported in retrieved text,EFL learners,not reported in retrieved text,not reported in retrieved text,not reported in retrieved text,The findings exhibited the influence of such technological tools on spelling competence of the learners in which those who heavily depend on such technological tools face more challenges pertaining spelling in their writing tasks.,not reported in retrieved text,not reported in retrieved text,abstract only,abstract only; self-report exposure measure (dependence level unclear how measured)
